CT,SAV,PAV,POP,PCT_PAV,PCT_SAV,RIDESHARE,ADULTS,PCT_PAV1,PCT_SAV1
48453000101,799,758,4263,0.177809055,0.187426695,771,3576,0.21196868,0.223434004
48453000102,326,347,2640,0.131439394,0.123484848,350,2160,0.160648148,0.150925926
48453000203,324,373,1594,0.234002509,0.203262233,319,1518,0.24571805,0.213438735
48453000204,585,592,3060,0.193464052,0.191176471,587,2701,0.219178082,0.216586449
48453000205,1039,940,3937,0.238760478,0.263906528,1014,3587,0.26205743,0.289657095
48453000206,742,698,3292,0.212029162,0.225394897,708,2819,0.247605534,0.263213906
48453000302,1162,1176,4964,0.236905721,0.234085415,1108,4528,0.259717314,0.256625442
48453000304,661,592,3029,0.195444041,0.218223836,625,2708,0.218611521,0.244091581
48453000305,785,777,3666,0.211947627,0.214129842,740,3282,0.236745887,0.239183425
48453000306,801,903,4869,0.185459026,0.164510166,758,3969,0.227513228,0.201814059
48453000307,376,351,1786,0.196528555,0.210526316,366,1545,0.227184466,0.243365696
48453000401,813,813,4087,0.198923416,0.198923416,811,3776,0.215307203,0.215307203
48453000402,445,596,3400,0.175294118,0.130882353,397,2884,0.20665742,0.154299584
48453000500,719,765,4486,0.170530539,0.160276416,737,4159,0.183938447,0.172878096
48453000601,63,117,10147,0.011530502,0.006208732,61,10129,0.011550992,0.006219765
48453000603,265,286,8045,0.035550031,0.032939714,290,8029,0.035620874,0.033005356
48453000604,200,267,7140,0.037394958,0.028011204,200,7105,0.03757917,0.028149191
48453000700,272,275,1123,0.244879786,0.24220837,269,1095,0.251141553,0.248401826
48453000801,112,147,1877,0.078316462,0.059669686,101,1604,0.091645885,0.069825436
48453000802,232,446,3377,0.132069885,0.06870003,206,2580,0.172868217,0.089922481
48453000803,436,423,2489,0.16994777,0.175170751,402,2285,0.18512035,0.190809628
48453000804,233,383,2452,0.156199021,0.09502447,248,1954,0.196008188,0.119242579
48453000901,373,366,2424,0.150990099,0.153877888,374,2120,0.172641509,0.175943396
48453000902,581,751,5473,0.137219075,0.1061575,526,4517,0.166260793,0.128625194
48453001000,384,511,3770,0.135543767,0.101856764,317,3303,0.154707841,0.116257947
48453001100,1731,1341,6001,0.223462756,0.288451925,1764,5952,0.225302419,0.290826613
48453001200,1460,1168,4972,0.234915527,0.293644409,1461,4661,0.250590002,0.313237503
48453001303,833,737,4029,0.182923802,0.206751055,835,3577,0.20603858,0.232876712
48453001304,915,738,4351,0.16961618,0.210296484,868,3718,0.198493814,0.246100054
48453001305,1226,1101,5681,0.193803908,0.215807076,1168,4931,0.223281282,0.248631109
48453001307,602,581,3775,0.153907285,0.159470199,568,3149,0.184503017,0.191171801
48453001308,556,505,2926,0.172590567,0.190020506,495,2681,0.188362551,0.207385304
48453001401,882,803,3360,0.238988095,0.2625,859,3072,0.261393229,0.287109375
48453001402,566,516,2617,0.197172335,0.216278181,548,2240,0.230357143,0.252678571
48453001403,161,182,1723,0.105629716,0.093441672,143,1510,0.120529801,0.106622517
48453001501,684,775,5413,0.143173841,0.126362461,646,4362,0.177670793,0.156808803
48453001503,630,701,3989,0.175733266,0.157934319,536,3489,0.200917168,0.180567498
48453001504,985,1020,5371,0.189908769,0.183392292,924,4558,0.223782361,0.216103554
48453001505,685,716,4342,0.164900967,0.1577614,652,3785,0.189167768,0.180977543
48453001602,676,693,3277,0.211473909,0.206286237,677,2919,0.237410072,0.23158616
48453001603,889,836,5075,0.164729064,0.175172414,857,3693,0.226374222,0.240725697
48453001604,548,512,4124,0.124151309,0.132880698,547,3164,0.16182048,0.173198483
48453001605,991,816,4041,0.201930215,0.245236328,991,3410,0.239296188,0.290615836
48453001606,0,4,17,0.235294118,0,0,17,0.235294118,0
48453001705,699,754,4900,0.153877551,0.142653061,680,4052,0.186080948,0.172507404
48453001706,649,558,3641,0.1532546,0.178247734,644,3148,0.1772554,0.206162643
48453001707,668,779,5061,0.15392215,0.131989725,600,4248,0.183380414,0.157250471
48453001712,440,520,4945,0.105156724,0.088978766,377,3918,0.132720776,0.112302195
48453001713,572,637,4448,0.143210432,0.128597122,478,3908,0.162998976,0.146366428
48453001714,1825,2616,15804,0.165527715,0.115477094,1614,12531,0.20876227,0.145638816
48453001716,917,1026,6312,0.162547529,0.145278834,860,5124,0.200234192,0.178961749
48453001718,1164,1169,6176,0.189281088,0.188471503,1136,5375,0.217488372,0.21655814
48453001719,485,552,4149,0.133044107,0.116895638,507,3415,0.161639824,0.142020498
48453001722,754,738,3746,0.197010144,0.201281367,690,3377,0.218537163,0.223275096
48453001728,937,1129,7403,0.152505741,0.126570309,832,6230,0.181219904,0.150401284
48453001729,584,629,4650,0.135268817,0.125591398,512,3957,0.158958807,0.147586555
48453001733,374,437,4158,0.105098605,0.08994709,356,3306,0.132183908,0.113127647
48453001737,1318,1695,10754,0.157615771,0.122559048,1185,8362,0.202702703,0.157617795
48453001738,842,985,6839,0.144026905,0.123117415,805,5454,0.180601393,0.154382105
48453001740,865,896,5172,0.173240526,0.167246713,771,4359,0.205551732,0.198440009
48453001741,200,274,2887,0.094908209,0.069276065,201,2465,0.111156187,0.081135903
48453001742,435,481,6075,0.079176955,0.071604938,362,4733,0.101626875,0.091907881
48453001745,258,350,2328,0.150343643,0.110824742,228,1949,0.179579271,0.132375577
48453001746,501,611,4244,0.143967955,0.11804901,461,3526,0.173284175,0.142087351
48453001747,664,911,5743,0.158627895,0.115619014,540,4755,0.191587802,0.139642482
48453001748,931,1059,6880,0.153924419,0.135319767,789,5725,0.184978166,0.162620087
48453001749,1026,1161,6507,0.178423237,0.157676349,912,5559,0.208850513,0.184565569
48453001750,838,810,5115,0.158357771,0.163831867,771,4322,0.187413235,0.193891717
48453001751,225,271,2164,0.125231054,0.103974122,220,1777,0.152504221,0.126617895
48453001752,579,625,3926,0.15919511,0.147478349,527,3435,0.181950509,0.168558952
48453001753,283,259,1114,0.232495512,0.254039497,296,1006,0.257455268,0.281312127
48453001754,738,744,5037,0.147706968,0.146515783,696,4312,0.172541744,0.171150278
48453001755,598,869,6214,0.13984551,0.09623431,554,4988,0.174218123,0.119887731
48453001756,412,612,4413,0.138681169,0.093360526,381,3679,0.166349552,0.111986953
48453001757,253,274,2211,0.123925825,0.114427861,241,1844,0.148590022,0.137201735
48453001760,1676,2177,17819,0.122172961,0.094056906,1533,12533,0.173701428,0.133726961
48453001761,1263,1365,7350,0.185714286,0.171836735,1188,5925,0.230379747,0.213164557
48453001764,567,904,7346,0.123060169,0.077184863,539,5938,0.152239811,0.095486696
48453001765,1592,1960,14723,0.133125042,0.108130137,1444,10815,0.181229773,0.147202959
48453001766,610,852,8232,0.103498542,0.074101069,558,6484,0.13140037,0.09407773
48453001768,823,1243,9182,0.135373557,0.089631888,780,6812,0.182472108,0.120816207
48453001769,586,755,5691,0.132665612,0.102969601,531,4612,0.163703382,0.127059844
48453001770,1178,1588,12934,0.122777176,0.091077779,1051,8932,0.17778773,0.131885356
48453001771,444,552,4289,0.128701329,0.103520634,418,3673,0.15028587,0.120882113
48453001772,496,616,4389,0.140350877,0.113009797,410,3641,0.16918429,0.136226311
48453001773,808,1071,8185,0.130849114,0.098717166,727,6749,0.158690176,0.11972144
48453001774,850,1139,8225,0.138480243,0.103343465,713,6484,0.175663171,0.131091919
48453001775,696,784,6993,0.112112112,0.0995281,598,5290,0.148204159,0.131568998
48453001776,498,593,3268,0.181456548,0.152386781,423,2724,0.217694567,0.182819383
48453001777,892,921,6270,0.146889952,0.142264753,755,5140,0.179182879,0.173540856
48453001778,447,531,4401,0.120654397,0.101567825,445,3701,0.143474737,0.120778168
48453001779,452,621,6244,0.099455477,0.072389494,393,5506,0.112786052,0.082092263
48453001780,269,386,4152,0.092967245,0.064788054,222,3653,0.105666575,0.073638106
48453001781,161,256,2491,0.102769972,0.064632678,139,1895,0.135092348,0.084960422
48453001782,319,705,5402,0.13050722,0.059052203,293,4135,0.170495768,0.077146312
48453001783,527,688,5406,0.127266001,0.097484277,515,4072,0.168958743,0.129420432
48453001784,626,839,6007,0.139670385,0.104211753,564,4237,0.198017465,0.147746047
48453001785,805,867,4946,0.175293166,0.162757784,710,4112,0.210846304,0.195768482
48453001786,765,1013,5283,0.191747113,0.144804089,715,4434,0.228461885,0.172530447
48453001804,640,1079,6970,0.154806313,0.091822095,581,5399,0.199851824,0.11854047
48453001805,311,629,4911,0.128079821,0.063327225,320,3911,0.160828433,0.079519305
48453001806,406,757,7137,0.106066975,0.056886647,304,5395,0.140315107,0.075254866
48453001811,258,427,3626,0.117760618,0.071152785,264,2737,0.15601023,0.094263792
48453001812,448,709,7920,0.089520202,0.056565657,419,6097,0.116286698,0.07347876
48453001813,364,739,7236,0.102128248,0.050304035,283,5090,0.14518664,0.07151277
48453001817,684,589,3982,0.14791562,0.171772978,670,3608,0.163248337,0.189578714
48453001818,522,894,6166,0.144988647,0.084657801,485,4572,0.195538058,0.114173228
48453001819,273,315,4193,0.075125209,0.065108514,273,3014,0.104512276,0.090577306
48453001820,471,1097,7425,0.147744108,0.063434343,376,5590,0.196243292,0.084257603
48453001821,542,739,5988,0.123413494,0.090514362,448,4731,0.156203762,0.114563517
48453001822,499,728,7167,0.101576671,0.069624669,467,5454,0.133480015,0.091492483
48453001823,286,974,7492,0.130005339,0.038174052,220,5376,0.181175595,0.053199405
48453001824,200,225,1704,0.132042254,0.117370892,178,1507,0.149303251,0.132714001
48453001826,305,513,2622,0.195652174,0.116323417,260,2168,0.236623616,0.140682657
48453001828,497,616,4134,0.149008224,0.120222545,467,3422,0.180011689,0.145236704
48453001829,422,391,2428,0.161037891,0.173805601,386,2152,0.18169145,0.196096654
48453001832,281,366,2872,0.127437326,0.097841226,213,2433,0.150431566,0.115495273
48453001833,610,1142,9379,0.121761382,0.065038917,459,7383,0.15467967,0.08262224
48453001834,1078,1798,10374,0.17331791,0.10391363,873,8343,0.215510008,0.129210116
48453001835,587,975,6408,0.152153558,0.091604245,526,5245,0.185891325,0.111916111
48453001839,962,1399,7969,0.175555277,0.120717781,778,6801,0.205705043,0.141449787
48453001840,836,1544,11718,0.1317631,0.071343233,648,8984,0.171861086,0.093054319
48453001841,1275,2026,17164,0.118037753,0.074283384,1010,13429,0.150867526,0.094943778
48453001842,869,1697,11597,0.146330948,0.074933172,685,8378,0.202554309,0.103724039
48453001843,228,322,2523,0.127625842,0.090368609,180,2154,0.149489322,0.105849582
48453001844,431,476,3620,0.131491713,0.119060773,378,2911,0.163517692,0.148059086
48453001845,426,454,2970,0.152861953,0.143434343,379,2473,0.183582693,0.172260412
48453001846,228,287,2470,0.116194332,0.092307692,220,2072,0.138513514,0.11003861
48453001847,930,1089,6895,0.157940537,0.134880348,792,5916,0.184077079,0.157200811
48453001848,525,854,5031,0.169747565,0.104353011,448,4377,0.195110806,0.119945168
48453001849,1500,1346,6914,0.194677466,0.216951114,1362,6379,0.21100486,0.235146575
48453001850,622,708,3946,0.1794222,0.157627978,537,3427,0.206594689,0.181499854
48453001851,1159,1920,9806,0.195798491,0.118192943,878,7925,0.242271293,0.146246057
48453001853,398,532,3351,0.15875858,0.118770516,313,2758,0.192893401,0.144307469
48453001854,415,879,6763,0.129971906,0.0613633,320,4711,0.186584589,0.0880917
48453001855,1748,2803,17819,0.157304001,0.098097536,1286,14197,0.197436078,0.123124604
48453001856,544,1295,8421,0.153782211,0.064600404,447,6277,0.206308746,0.086665605
48453001857,812,1094,6723,0.162724974,0.120779414,662,5088,0.215015723,0.159591195
48453001858,2220,3429,21972,0.156062261,0.101037684,1818,16510,0.207692308,0.134463961
48453001859,251,416,2260,0.184070796,0.111061947,186,1810,0.229834254,0.138674033
48453001860,403,647,4464,0.144937276,0.090277778,346,3294,0.196417729,0.122343655
48453001861,443,736,5069,0.145196291,0.087393963,338,3904,0.18852459,0.113473361
48453001862,509,984,6366,0.154571159,0.079956016,385,4923,0.199878123,0.103392241
48453001863,262,587,3474,0.168969488,0.075417386,161,2819,0.208229869,0.092940759
48453001864,550,643,2826,0.227530078,0.194621373,481,2339,0.274903805,0.235143224
48453001901,1127,1100,5641,0.195000886,0.199787272,1062,4751,0.231530204,0.237213218
48453001908,1227,1220,9583,0.127308776,0.128039236,1165,7272,0.167766777,0.168729373
48453001910,583,651,4621,0.140878598,0.126163168,552,3746,0.173785371,0.155632675
48453001911,860,772,3141,0.245781598,0.273798153,843,2882,0.267869535,0.298403886
48453001912,458,581,3918,0.148289944,0.116896376,407,3271,0.177621522,0.140018343
48453001913,485,621,4895,0.126864147,0.099080695,416,3695,0.168064953,0.131258457
48453001914,1047,1121,6426,0.174447557,0.162931839,934,5403,0.207477327,0.193781233
48453001915,206,212,1687,0.125666864,0.122110255,191,1445,0.146712803,0.142560554
48453001916,308,428,3131,0.136697541,0.098371127,282,2273,0.188297404,0.13550374
48453001917,640,749,4978,0.150462033,0.128565689,590,3740,0.20026738,0.171122995
48453001918,229,254,2536,0.100157729,0.090299685,252,2067,0.122883406,0.110788582
48453001919,508,533,3809,0.139931741,0.133368338,493,2886,0.184684685,0.176022176
48453002002,344,420,3334,0.125974805,0.103179364,311,2847,0.147523709,0.120828943
48453002003,318,348,4061,0.085693179,0.078305836,315,3120,0.111538462,0.101923077
48453002004,636,563,2457,0.229141229,0.258852259,595,2346,0.23998295,0.271099744
48453002005,868,871,5446,0.159933896,0.159383033,869,4420,0.197058824,0.19638009
48453002104,288,398,3618,0.110005528,0.07960199,268,2640,0.150757576,0.109090909
48453002105,481,754,4962,0.151954857,0.096936719,405,4249,0.177453518,0.113203107
48453002106,312,401,2906,0.137990365,0.107364074,247,2392,0.16764214,0.130434783
48453002107,307,534,4538,0.117672984,0.067650948,271,3526,0.151446398,0.087067499
48453002108,248,520,3806,0.136626379,0.065160273,186,2976,0.174731183,0.083333333
48453002109,287,761,3894,0.195428865,0.073703133,234,3567,0.213344547,0.08045977
48453002110,213,608,4540,0.133920705,0.0469163,163,3752,0.162046908,0.056769723
48453002111,381,728,5586,0.130325815,0.06820623,342,4425,0.164519774,0.086101695
48453002112,320,669,5203,0.128579666,0.061502979,259,3710,0.18032345,0.086253369
48453002113,331,456,3608,0.126385809,0.091740576,288,3025,0.150743802,0.109421488
48453002201,85,198,2076,0.095375723,0.040944123,57,1540,0.128571429,0.055194805
48453002202,321,694,9314,0.074511488,0.034464247,196,6114,0.113509977,0.052502453
48453002207,566,1231,9529,0.129184594,0.059397628,433,6906,0.178250796,0.081957718
48453002208,364,816,8478,0.096249115,0.042934654,275,6325,0.129011858,0.057549407
48453002209,670,1482,10065,0.147242921,0.066567312,470,7160,0.20698324,0.093575419
48453002210,258,501,3900,0.128461538,0.066153846,187,2982,0.168008048,0.086519115
48453002211,214,508,2885,0.176083189,0.074176776,180,2241,0.226684516,0.095493083
48453002212,50,183,1043,0.175455417,0.047938639,44,779,0.23491656,0.064184852
48453002304,739,612,3657,0.167350287,0.202078206,711,3281,0.186528497,0.225236208
48453002307,653,805,5849,0.137630364,0.111643016,596,4950,0.162626263,0.131919192
48453002308,903,866,6851,0.126404904,0.131805576,823,5996,0.14442962,0.1506004
48453002310,126,282,3224,0.087468983,0.039081886,110,2199,0.128240109,0.057298772
48453002312,380,760,8705,0.087306146,0.043653073,358,6250,0.1216,0.0608
48453002313,425,581,4388,0.132406563,0.096855059,345,3494,0.16628506,0.121637092
48453002314,542,656,5112,0.128325509,0.106025039,463,4370,0.150114416,0.12402746
48453002315,256,266,3134,0.084875558,0.081684748,226,2730,0.097435897,0.093772894
48453002316,513,649,4944,0.131270227,0.103762136,494,4004,0.162087912,0.128121878
48453002317,369,512,5931,0.086326083,0.062215478,355,5625,0.091022222,0.0656
48453002318,626,759,8671,0.087533156,0.072194672,543,7693,0.09866112,0.081372676
48453002319,4,8,2147,0.003726129,0.001863065,4,2147,0.003726129,0.001863065
48453002402,1254,1360,8464,0.160680529,0.1481569,1089,7468,0.182110337,0.167916443
48453002403,329,336,2764,0.121562952,0.119030391,273,2288,0.146853147,0.143793706
48453002407,655,794,5781,0.13734648,0.113302197,508,4945,0.160566229,0.132457027
48453002409,411,437,3530,0.123796034,0.116430595,357,2992,0.14605615,0.13736631
48453002410,397,400,4253,0.094051258,0.093345874,345,3546,0.112803158,0.111957135
48453002411,343,806,6828,0.118043351,0.050234329,250,5052,0.159540776,0.067893903
48453002412,275,585,6083,0.096169653,0.045207957,203,4776,0.122487437,0.057579564
48453002413,201,389,4955,0.078506559,0.040565086,149,3216,0.120957711,0.0625
48453002419,354,552,4773,0.115650534,0.07416719,259,3639,0.151690025,0.097279472
48453002421,1442,1668,10292,0.162067625,0.140108822,1258,8394,0.198713367,0.171789373
48453002422,686,816,5998,0.136045348,0.114371457,509,5178,0.157589803,0.132483584
48453002423,912,951,5705,0.166695881,0.159859772,759,4881,0.194837124,0.186846958
48453002424,417,462,3945,0.117110266,0.105703422,381,3383,0.136565179,0.123263376
48453002425,485,614,3449,0.178022615,0.14062047,419,2817,0.217962371,0.172168974
48453002426,721,1483,11174,0.132718812,0.06452479,539,8270,0.179322854,0.087182588
48453002427,541,739,8517,0.086767641,0.063520019,435,6147,0.120221246,0.088010412
48453002428,893,1048,7337,0.142837672,0.121711871,777,6104,0.171690695,0.14629751
48453002429,155,171,1589,0.107614852,0.097545626,118,1080,0.158333333,0.143518519
48453002430,165,215,3203,0.067124571,0.051514205,155,2370,0.0907173,0.069620253
48453002431,577,932,8803,0.105872998,0.065545837,481,6306,0.14779575,0.091500159
48453002432,118,278,2669,0.104158861,0.044211315,95,2150,0.129302326,0.054883721
48453002433,366,1084,8706,0.124511831,0.042039972,335,5935,0.182645324,0.061668071
48453002434,106,135,1724,0.078306265,0.061484919,86,1311,0.102974828,0.08085431
48453002435,440,959,8462,0.113330182,0.051997164,326,6580,0.145744681,0.066869301
48453002436,126,283,2851,0.099263416,0.044195019,103,2282,0.124014023,0.055214724
48453002500,1001,1029,5518,0.186480609,0.181406307,946,4737,0.217226092,0.211315178
